day,region,store_id,amount
2026-09-01,EU,1,215.19
2026-09-01,EU,2,252.83
2026-09-01,EU,3,74.09
2026-09-01,US,1,470.68
2026-09-01,US,2,98.46
2026-09-01,US,3,348.07
2026-09-01,APAC,1,309.27
2026-09-01,APAC,2,69.11
2026-09-01,APAC,3,272.53
2026-09-02,EU,1,85.30
2026-09-02,EU,2,96.70
2026-09-02,EU,3,267.07
2026-09-02,US,1,473.72
2026-09-02,US,2,113.28
2026-09-02,US,3,372.80
2026-09-02,APAC,1,348.07
2026-09-02,APAC,2,345.74
2026-09-02,APAC,3,253.06
2026-09-03,EU,1,163.05
2026-09-03,EU,2,335.17
2026-09-03,EU,3,198.53
2026-09-03,US,1,123.69
2026-09-03,US,2,110.73
2026-09-03,US,3,207.71
2026-09-03,APAC,1,467.87
2026-09-03,APAC,2,142.13
2026-09-03,APAC,3,347.73
2026-09-04,EU,1,377.24
2026-09-04,EU,2,240.12
2026-09-04,EU,3,330.91
2026-09-04,US,1,82.72
2026-09-04,US,2,80.79
2026-09-04,US,3,155.63
2026-09-04,APAC,1,398.68
2026-09-04,APAC,2,268.99
2026-09-04,APAC,3,210.59
2026-09-05,EU,1,349.58
2026-09-05,EU,2,235.38
2026-09-05,EU,3,177.23
2026-09-05,US,1,407.99
2026-09-05,US,2,174.10
2026-09-05,US,3,344.38
2026-09-05,APAC,1,318.63
2026-09-05,APAC,2,498.43
2026-09-05,APAC,3,423.57
2026-09-06,EU,1,197.77
2026-09-06,EU,2,87.15
2026-09-06,EU,3,312.53
2026-09-06,US,1,134.96
2026-09-06,US,2,225.19
2026-09-06,US,3,300.53
2026-09-06,APAC,1,70.85
2026-09-06,APAC,2,89.97
2026-09-06,APAC,3,335.73
2026-09-07,EU,1,454.40
2026-09-07,EU,2,224.88
2026-09-07,EU,3,229.76
2026-09-07,US,1,304.74
2026-09-07,US,2,458.58
2026-09-07,US,3,85.11
2026-09-07,APAC,1,188.60
2026-09-07,APAC,2,406.85
2026-09-07,APAC,3,83.07
2026-09-08,EU,1,424.89
2026-09-08,EU,2,208.82
2026-09-08,EU,3,345.87
2026-09-08,US,1,470.57
2026-09-08,US,2,195.91
2026-09-08,US,3,247.85
2026-09-08,APAC,1,227.02
2026-09-08,APAC,2,286.45
2026-09-08,APAC,3,136.78
2026-09-09,EU,1,109.63
2026-09-09,EU,2,80.27
2026-09-09,EU,3,443.36
2026-09-09,US,1,116.94
2026-09-09,US,2,176.50
2026-09-09,US,3,250.63
2026-09-09,APAC,1,91.21
2026-09-09,APAC,2,279.51
2026-09-09,APAC,3,331.35
2026-09-10,EU,1,120.55
2026-09-10,EU,2,492.70
2026-09-10,EU,3,192.90
2026-09-10,US,1,262.45
2026-09-10,US,2,399.48
2026-09-10,US,3,168.19
2026-09-10,APAC,1,92.22
2026-09-10,APAC,2,127.29
2026-09-10,APAC,3,387.29
2026-09-11,EU,1,56.62
2026-09-11,EU,2,475.75
2026-09-11,EU,3,143.33
2026-09-11,US,1,194.00
2026-09-11,US,2,124.53
2026-09-11,US,3,323.47
2026-09-11,APAC,1,362.72
2026-09-11,APAC,2,213.16
2026-09-11,APAC,3,403.65
2026-09-12,EU,1,366.83
2026-09-12,EU,2,396.94
2026-09-12,EU,3,77.58
2026-09-12,US,1,495.99
2026-09-12,US,2,497.87
2026-09-12,US,3,458.71
2026-09-12,APAC,1,250.50
2026-09-12,APAC,2,254.50
2026-09-12,APAC,3,103.61
2026-09-13,EU,1,374.51
2026-09-13,EU,2,81.24
2026-09-13,EU,3,84.26
2026-09-13,US,1,275.20
2026-09-13,US,2,106.43
2026-09-13,US,3,357.06
2026-09-13,APAC,1,102.00
2026-09-13,APAC,2,340.19
2026-09-13,APAC,3,324.12
2026-09-14,EU,1,236.78
2026-09-14,EU,2,63.09
2026-09-14,EU,3,497.26
2026-09-14,US,1,364.48
2026-09-14,US,2,126.81
2026-09-14,US,3,179.44
2026-09-14,APAC,1,358.46
2026-09-14,APAC,2,292.15
2026-09-14,APAC,3,109.62
2026-09-15,EU,1,288.61
2026-09-15,EU,2,297.39
2026-09-15,EU,3,93.18
2026-09-15,US,1,102.95
2026-09-15,US,2,225.94
2026-09-15,US,3,185.61
2026-09-15,APAC,1,474.88
2026-09-15,APAC,2,132.66
2026-09-15,APAC,3,61.26
2026-09-16,EU,1,320.46
2026-09-16,EU,2,125.88
2026-09-16,EU,3,328.03
2026-09-16,US,1,438.67
2026-09-16,US,2,202.82
2026-09-16,US,3,492.11
2026-09-16,APAC,1,406.33
2026-09-16,APAC,2,315.46
2026-09-16,APAC,3,135.45
2026-09-17,EU,1,445.28
2026-09-17,EU,2,322.69
2026-09-17,EU,3,448.64
2026-09-17,US,1,218.81
2026-09-17,US,2,164.78
2026-09-17,US,3,465.97
2026-09-17,APAC,1,486.24
2026-09-17,APAC,2,462.30
2026-09-17,APAC,3,468.51
2026-09-18,EU,1,428.29
2026-09-18,EU,2,152.66
2026-09-18,EU,3,302.45
2026-09-18,US,1,424.03
2026-09-18,US,2,64.35
2026-09-18,US,3,291.33
2026-09-18,APAC,1,149.88
2026-09-18,APAC,2,359.44
2026-09-18,APAC,3,278.92
2026-09-19,EU,1,228.46
2026-09-19,EU,2,91.28
2026-09-19,EU,3,102.29
2026-09-19,US,1,290.25
2026-09-19,US,2,222.26
2026-09-19,US,3,297.79
2026-09-19,APAC,1,362.00
2026-09-19,APAC,2,295.83
2026-09-19,APAC,3,226.82
2026-09-20,EU,1,93.84
2026-09-20,EU,2,111.49
2026-09-20,EU,3,450.91
2026-09-20,US,1,434.25
2026-09-20,US,2,294.22
2026-09-20,US,3,272.81
2026-09-20,APAC,1,220.11
2026-09-20,APAC,2,460.92
2026-09-20,APAC,3,252.59
2026-09-21,EU,1,255.95
2026-09-21,EU,2,93.92
2026-09-21,EU,3,131.21
2026-09-21,US,1,115.03
2026-09-21,US,2,127.75
2026-09-21,US,3,288.83
2026-09-21,APAC,1,124.78
2026-09-21,APAC,2,473.76
2026-09-21,APAC,3,292.84
2026-09-22,EU,1,229.19
2026-09-22,EU,2,330.70
2026-09-22,EU,3,117.02
2026-09-22,US,1,57.92
2026-09-22,US,2,382.13
2026-09-22,US,3,319.95
2026-09-22,APAC,1,121.55
2026-09-22,APAC,2,496.24
2026-09-22,APAC,3,472.27
2026-09-23,EU,1,64.32
2026-09-23,EU,2,158.37
2026-09-23,EU,3,306.30
2026-09-23,US,1,441.75
2026-09-23,US,2,216.33
2026-09-23,US,3,328.53
2026-09-23,APAC,1,477.16
2026-09-23,APAC,2,81.94
2026-09-23,APAC,3,231.58
2026-09-24,EU,1,389.74
2026-09-24,EU,2,467.66
2026-09-24,EU,3,265.64
2026-09-24,US,1,116.68
2026-09-24,US,2,127.67
2026-09-24,US,3,311.02
2026-09-24,APAC,1,496.56
2026-09-24,APAC,2,447.23
2026-09-24,APAC,3,361.00
2026-09-25,EU,1,447.19
2026-09-25,EU,2,138.18
2026-09-25,EU,3,292.79
2026-09-25,US,1,421.15
2026-09-25,US,2,334.07
2026-09-25,US,3,216.87
2026-09-25,APAC,1,315.67
2026-09-25,APAC,2,334.61
2026-09-25,APAC,3,451.99
2026-09-26,EU,1,104.71
2026-09-26,EU,2,79.31
2026-09-26,EU,3,147.35
2026-09-26,US,1,71.98
2026-09-26,US,2,100.64
2026-09-26,US,3,281.71
2026-09-26,APAC,1,64.97
2026-09-26,APAC,2,82.56
2026-09-26,APAC,3,216.78
2026-09-27,EU,1,308.77
2026-09-27,EU,2,312.25
2026-09-27,EU,3,404.35
2026-09-27,US,1,281.65
2026-09-27,US,2,323.61
2026-09-27,US,3,309.31
2026-09-27,APAC,1,407.66
2026-09-27,APAC,2,498.33
2026-09-27,APAC,3,336.25
2026-09-28,EU,1,480.57
2026-09-28,EU,2,120.53
2026-09-28,EU,3,112.50
2026-09-28,US,1,276.40
2026-09-28,US,2,87.85
2026-09-28,US,3,173.54
2026-09-28,APAC,1,87.27
2026-09-28,APAC,2,392.38
2026-09-28,APAC,3,451.15
2026-09-29,EU,1,447.19
2026-09-29,EU,2,416.82
2026-09-29,EU,3,388.46
2026-09-29,US,1,123.32
2026-09-29,US,2,120.59
2026-09-29,US,3,162.95
2026-09-29,APAC,1,98.50
2026-09-29,APAC,2,299.20
2026-09-29,APAC,3,391.28
2026-09-30,EU,1,132.90
2026-09-30,EU,2,270.65
2026-09-30,EU,3,256.43
2026-09-30,US,1,265.25
2026-09-30,US,2,232.40
2026-09-30,US,3,97.92
2026-09-30,APAC,1,237.02
2026-09-30,APAC,2,223.70
2026-09-30,APAC,3,284.56
2026-10-01,EU,1,410.02
2026-10-01,EU,2,246.42
2026-10-01,EU,3,314.79
2026-10-01,US,1,201.65
2026-10-01,US,2,82.14
2026-10-01,US,3,453.29
2026-10-01,APAC,1,498.13
2026-10-01,APAC,2,93.33
2026-10-01,APAC,3,189.05
2026-10-02,EU,1,448.23
2026-10-02,EU,2,188.96
2026-10-02,EU,3,116.54
2026-10-02,US,1,484.86
2026-10-02,US,2,469.33
2026-10-02,US,3,257.19
2026-10-02,APAC,1,324.65
2026-10-02,APAC,2,342.63
2026-10-02,APAC,3,408.41
2026-10-03,EU,1,95.35
2026-10-03,EU,2,79.88
2026-10-03,EU,3,143.54
2026-10-03,US,1,87.34
2026-10-03,US,2,58.81
2026-10-03,US,3,95.33
2026-10-03,APAC,1,92.77
2026-10-03,APAC,2,488.28
2026-10-03,APAC,3,84.33
2026-10-04,EU,1,491.15
2026-10-04,EU,2,282.01
2026-10-04,EU,3,223.70
2026-10-04,US,1,263.34
2026-10-04,US,2,368.16
2026-10-04,US,3,72.67
2026-10-04,APAC,1,413.30
2026-10-04,APAC,2,106.20
2026-10-04,APAC,3,184.06
2026-10-05,EU,1,142.25
2026-10-05,EU,2,209.80
2026-10-05,EU,3,206.67
2026-10-05,US,1,438.26
2026-10-05,US,2,198.57
2026-10-05,US,3,306.86
2026-10-05,APAC,1,141.34
2026-10-05,APAC,2,227.02
2026-10-05,APAC,3,178.04
2026-10-06,EU,1,57.02
2026-10-06,EU,2,425.64
2026-10-06,EU,3,332.24
2026-10-06,US,1,313.60
2026-10-06,US,2,175.57
2026-10-06,US,3,104.84
2026-10-06,APAC,1,469.83
2026-10-06,APAC,2,271.84
2026-10-06,APAC,3,303.69
2026-10-07,EU,1,477.50
2026-10-07,EU,2,309.39
2026-10-07,EU,3,402.27
2026-10-07,US,1,167.43
2026-10-07,US,2,151.90
2026-10-07,US,3,423.81
2026-10-07,APAC,1,121.51
2026-10-07,APAC,2,227.06
2026-10-07,APAC,3,478.16
2026-10-08,EU,1,57.09
2026-10-08,EU,2,370.94
2026-10-08,EU,3,500.32
2026-10-08,US,1,270.20
2026-10-08,US,2,78.10
2026-10-08,US,3,390.48
2026-10-08,APAC,1,495.64
2026-10-08,APAC,2,393.36
2026-10-08,APAC,3,356.31
2026-10-09,EU,1,404.37
2026-10-09,EU,2,73.58
2026-10-09,EU,3,144.20
2026-10-09,US,1,187.57
2026-10-09,US,2,51.33
2026-10-09,US,3,236.42
2026-10-09,APAC,1,330.41
2026-10-09,APAC,2,175.04
2026-10-09,APAC,3,208.27
2026-10-10,EU,1,232.23
2026-10-10,EU,2,50.42
2026-10-10,EU,3,245.10
2026-10-10,US,1,293.35
2026-10-10,US,2,307.83
2026-10-10,US,3,152.31
2026-10-10,APAC,1,308.99
2026-10-10,APAC,2,52.11
2026-10-10,APAC,3,185.11
2026-10-11,EU,1,123.51
2026-10-11,EU,2,350.05
2026-10-11,EU,3,251.02
2026-10-11,US,1,203.38
2026-10-11,US,2,372.29
2026-10-11,US,3,93.74
2026-10-11,APAC,1,320.96
2026-10-11,APAC,2,129.84
2026-10-11,APAC,3,416.76
2026-10-12,EU,1,249.97
2026-10-12,EU,2,216.92
2026-10-12,EU,3,303.19
2026-10-12,US,1,195.92
2026-10-12,US,2,366.82
2026-10-12,US,3,124.05
2026-10-12,APAC,1,472.91
2026-10-12,APAC,2,312.80
2026-10-12,APAC,3,269.93
2026-10-13,EU,1,408.64
2026-10-13,EU,2,121.67
2026-10-13,EU,3,435.64
2026-10-13,US,1,341.02
2026-10-13,US,2,473.87
2026-10-13,US,3,349.91
2026-10-13,APAC,1,399.88
2026-10-13,APAC,2,379.29
2026-10-13,APAC,3,93.03
2026-10-14,EU,1,71.17
2026-10-14,EU,2,376.46
2026-10-14,EU,3,103.48
2026-10-14,US,1,477.57
2026-10-14,US,2,335.06
2026-10-14,US,3,371.02
2026-10-14,APAC,1,370.68
2026-10-14,APAC,2,398.31
2026-10-14,APAC,3,300.33
2026-10-15,EU,1,51.58
2026-10-15,EU,2,458.08
2026-10-15,EU,3,433.64
2026-10-15,US,1,324.11
2026-10-15,US,2,387.67
2026-10-15,US,3,83.95
2026-10-15,APAC,1,427.60
2026-10-15,APAC,2,179.09
2026-10-15,APAC,3,483.33
2026-10-16,EU,1,170.93
2026-10-16,EU,2,437.26
2026-10-16,EU,3,168.94
2026-10-16,US,1,382.58
2026-10-16,US,2,302.48
2026-10-16,US,3,89.61
2026-10-16,APAC,1,400.36
2026-10-16,APAC,2,442.05
2026-10-16,APAC,3,365.80
2026-10-17,EU,1,379.25
2026-10-17,EU,2,89.76
2026-10-17,EU,3,125.42
2026-10-17,US,1,180.83
2026-10-17,US,2,430.88
2026-10-17,US,3,205.79
2026-10-17,APAC,1,340.17
2026-10-17,APAC,2,56.61
2026-10-17,APAC,3,81.62
2026-10-18,EU,1,187.86
2026-10-18,EU,2,100.88
2026-10-18,EU,3,161.86
2026-10-18,US,1,300.37
2026-10-18,US,2,412.66
2026-10-18,US,3,196.59
2026-10-18,APAC,1,288.59
2026-10-18,APAC,2,442.15
2026-10-18,APAC,3,331.25
2026-10-19,EU,1,209.10
2026-10-19,EU,2,292.02
2026-10-19,EU,3,198.58
2026-10-19,US,1,89.64
2026-10-19,US,2,280.34
2026-10-19,US,3,248.26
2026-10-19,APAC,1,157.09
2026-10-19,APAC,2,347.11
2026-10-19,APAC,3,122.95
2026-10-20,EU,1,318.33
2026-10-20,EU,2,234.16
2026-10-20,EU,3,358.80
2026-10-20,US,1,310.35
2026-10-20,US,2,107.90
2026-10-20,US,3,236.29
2026-10-20,APAC,1,304.62
2026-10-20,APAC,2,251.03
2026-10-20,APAC,3,131.00
2026-10-21,EU,1,301.87
2026-10-21,EU,2,280.51
2026-10-21,EU,3,204.93
2026-10-21,US,1,122.53
2026-10-21,US,2,226.48
2026-10-21,US,3,211.15
2026-10-21,APAC,1,480.42
2026-10-21,APAC,2,50.41
2026-10-21,APAC,3,434.43
2026-10-22,EU,1,479.50
2026-10-22,EU,2,111.25
2026-10-22,EU,3,415.01
2026-10-22,US,1,428.37
2026-10-22,US,2,179.47
2026-10-22,US,3,83.50
2026-10-22,APAC,1,249.75
2026-10-22,APAC,2,89.46
2026-10-22,APAC,3,269.96
2026-10-23,EU,1,190.06
2026-10-23,EU,2,193.13
2026-10-23,EU,3,76.84
2026-10-23,US,1,196.81
2026-10-23,US,2,126.31
2026-10-23,US,3,186.55
2026-10-23,APAC,1,311.40
2026-10-23,APAC,2,147.98
2026-10-23,APAC,3,241.54
2026-10-24,EU,1,64.97
2026-10-24,EU,2,373.51
2026-10-24,EU,3,498.70
2026-10-24,US,1,331.26
2026-10-24,US,2,418.10
2026-10-24,US,3,75.93
2026-10-24,APAC,1,260.57
2026-10-24,APAC,2,364.96
2026-10-24,APAC,3,120.82
2026-10-25,EU,1,495.36
2026-10-25,EU,2,298.06
2026-10-25,EU,3,331.16
2026-10-25,US,1,137.60
2026-10-25,US,2,262.43
2026-10-25,US,3,194.38
2026-10-25,APAC,1,180.94
2026-10-25,APAC,2,428.83
2026-10-25,APAC,3,183.51
2026-10-26,EU,1,385.30
2026-10-26,EU,2,204.61
2026-10-26,EU,3,335.85
2026-10-26,US,1,251.15
2026-10-26,US,2,135.82
2026-10-26,US,3,132.09
2026-10-26,APAC,1,156.64
2026-10-26,APAC,2,465.63
2026-10-26,APAC,3,331.28
2026-10-27,EU,1,281.42
2026-10-27,EU,2,438.57
2026-10-27,EU,3,268.17
2026-10-27,US,1,330.24
2026-10-27,US,2,174.11
2026-10-27,US,3,139.43
2026-10-27,APAC,1,334.11
2026-10-27,APAC,2,213.30
2026-10-27,APAC,3,238.33
2026-10-28,EU,1,464.72
2026-10-28,EU,2,153.02
2026-10-28,EU,3,433.52
2026-10-28,US,1,246.52
2026-10-28,US,2,431.67
2026-10-28,US,3,157.48
2026-10-28,APAC,1,188.43
2026-10-28,APAC,2,435.07
2026-10-28,APAC,3,305.35
2026-10-29,EU,1,344.46
2026-10-29,EU,2,114.87
2026-10-29,EU,3,307.67
2026-10-29,US,1,372.27
2026-10-29,US,2,97.34
2026-10-29,US,3,177.49
2026-10-29,APAC,1,254.82
2026-10-29,APAC,2,278.55
2026-10-29,APAC,3,209.02
2026-10-30,EU,1,115.04
2026-10-30,EU,2,267.90
2026-10-30,EU,3,441.60
2026-10-30,US,1,350.62
2026-10-30,US,2,50.09
2026-10-30,US,3,250.67
2026-10-30,APAC,1,487.59
2026-10-30,APAC,2,279.31
2026-10-30,APAC,3,450.13
